component,explained_variance_ratio,cumulative_variance
1,0.09818422,0.09818422
2,0.07330219,0.17148641
3,0.06443273,0.23591915
4,0.054229975,0.29014912
5,0.04786338,0.33801252
6,0.044838246,0.38285077
7,0.033560798,0.41641158
8,0.029574284,0.44598585
9,0.02836607,0.4743519
10,0.023039958,0.49739188
11,0.021388652,0.5187805
12,0.02006028,0.53884083
13,0.017003298,0.5558441
14,0.01675035,0.57259446
15,0.016435377,0.58902985
16,0.015235005,0.60426486
17,0.012805914,0.6170708
18,0.012249917,0.62932074
19,0.0116936555,0.6410144
20,0.011500631,0.65251505
21,0.010542447,0.6630575
22,0.009835087,0.6728926
23,0.009621525,0.6825141
24,0.009086791,0.69160086
25,0.008672424,0.7002733
26,0.008473539,0.7087468
27,0.008087714,0.7168345
28,0.007666558,0.724501
29,0.0072694644,0.73177046
30,0.0068386723,0.73860914
31,0.0067424295,0.74535155
32,0.0062126894,0.75156426
33,0.005922601,0.7574869
34,0.005691062,0.76317793
35,0.0054005203,0.76857847
36,0.0052905967,0.77386904
37,0.005041523,0.7789106
38,0.0049845325,0.78389513
39,0.0047860406,0.78868115
40,0.0046633375,0.7933445
41,0.004340244,0.7976847
42,0.0042354995,0.80192024
43,0.0040412154,0.80596143
44,0.0039442577,0.8099057
45,0.0038060844,0.81371176
46,0.0037533948,0.8174652
47,0.003468647,0.8209338
48,0.0034520403,0.8243859
49,0.0033744304,0.82776034
50,0.0032671234,0.83102745
51,0.003172334,0.8341998
52,0.0031633414,0.8373631
53,0.0030159175,0.84037906
54,0.0029321616,0.84331125
55,0.0028792913,0.8461905
56,0.0027613253,0.8489518
57,0.0026102953,0.8515621
58,0.002513183,0.85407525
59,0.0024496426,0.8565249
60,0.002383397,0.8589083
61,0.0023472668,0.8612556
62,0.0022653157,0.8635209
63,0.0022366762,0.8657576
64,0.0021858076,0.8679434
65,0.0021225016,0.8700659
66,0.0020813823,0.8721473
67,0.001999245,0.8741466
68,0.001975178,0.87612176
69,0.001897427,0.8780192
70,0.0018335849,0.8798528
71,0.0018119476,0.8816647
72,0.0017936442,0.8834583
73,0.0017275563,0.8851859
74,0.0016931485,0.886879
75,0.001656757,0.8885358
76,0.0016371177,0.8901729
77,0.0016036724,0.89177656
78,0.0014908534,0.8932674
79,0.0014637292,0.8947311
80,0.0014359902,0.8961671
81,0.0014281733,0.8975953
82,0.0013985031,0.8989938
83,0.0013690249,0.9003628
84,0.0013114465,0.9016742
85,0.0013057004,0.9029799
86,0.0012751158,0.90425503
87,0.0012667867,0.9055218
88,0.0012126921,0.9067345
89,0.0011908713,0.9079254
90,0.0011770558,0.9091025
91,0.0011479625,0.9102505
92,0.0011236179,0.9113741
93,0.0010987904,0.9124729
94,0.0010734906,0.9135464
95,0.0010680235,0.9146144
96,0.001041332,0.91565573
97,0.0010201329,0.91667587
98,0.0009991387,0.917675
99,0.00097554177,0.91865057
100,0.0009557649,0.9196063
101,0.0009328425,0.92053914
102,0.00091011263,0.92144924
103,0.00089723675,0.9223465
104,0.00088286307,0.92322934
105,0.00087636174,0.9241057
106,0.0008649076,0.9249706
107,0.00086215086,0.92583275
108,0.0008499612,0.9266827
109,0.00081776764,0.9275005
110,0.0008079228,0.9283084
111,0.00079959945,0.929108
112,0.000791395,0.9298994
113,0.00076704053,0.93066645
114,0.0007496095,0.93141603
115,0.0007421128,0.9321582
116,0.0007313916,0.9328896
117,0.0007228219,0.9336124
118,0.00070273166,0.93431515
119,0.0006952637,0.93501043
120,0.000690166,0.9357006
121,0.00068379764,0.9363844
122,0.0006790467,0.93706346
123,0.0006554439,0.9377189
124,0.0006473918,0.9383663
125,0.00064651796,0.9390128
126,0.0006373222,0.9396501
127,0.0006264816,0.9402766
128,0.00062164845,0.9408983
129,0.0006108138,0.9415091
130,0.0006089546,0.9421181
131,0.0005990663,0.9427172
132,0.0005858614,0.94330305
133,0.0005804876,0.94388354
134,0.0005729712,0.9444565
135,0.0005633689,0.9450199
136,0.0005530287,0.9455729
137,0.0005453496,0.94611824
138,0.0005410298,0.94665927
139,0.0005295388,0.9471888
140,0.0005235179,0.9477123
141,0.00051543646,0.94822776
142,0.00050410355,0.94873184
143,0.0004972545,0.9492291
144,0.0004891568,0.9497183
145,0.00048106164,0.95019937
146,0.0004785803,0.95067793
147,0.00047000172,0.9511479
148,0.00046241123,0.9516103
149,0.00045599308,0.9520663
150,0.00045212742,0.9525184
151,0.000445678,0.95296407
152,0.000443781,0.9534078
153,0.0004419147,0.95384973
154,0.00043550887,0.95428526
155,0.00043473212,0.95472
156,0.0004294243,0.9551495
157,0.0004255178,0.955575
158,0.00042074383,0.95599574
159,0.00041367245,0.9564094
160,0.0004070832,0.9568165
161,0.00040420276,0.9572207
162,0.0003993617,0.95762
163,0.00039019698,0.9580102
164,0.00038727876,0.95839745
165,0.00038287326,0.95878035
166,0.00037836144,0.9591587
167,0.0003736102,0.9595323
168,0.00037123114,0.95990354
169,0.00036946658,0.960273
170,0.00035697338,0.96063
171,0.00035366614,0.9609837
172,0.00035053017,0.9613342
173,0.0003461622,0.9616804
174,0.0003457307,0.9620261
175,0.00034139678,0.96236753
176,0.00033906184,0.9627066
177,0.0003341053,0.9630407
178,0.00033026436,0.963371
179,0.00032690077,0.96369785
180,0.00032533638,0.9640232
181,0.00032285543,0.96434605
182,0.00032074607,0.9646668
183,0.00031858427,0.9649854
184,0.0003152561,0.9653006
185,0.00031212793,0.96561277
186,0.00030773637,0.9659205
187,0.00030693403,0.9662274
188,0.00030301622,0.96653044
189,0.00029841976,0.9668289
190,0.00029422782,0.9671231
191,0.00029188627,0.967415
192,0.0002903341,0.9677053
193,0.00028641845,0.9679917
194,0.00028602465,0.96827775
195,0.00028435182,0.9685621
196,0.00028062993,0.96884274
197,0.0002780647,0.9691208
198,0.00027722292,0.969398
199,0.00027483536,0.96967286
200,0.0002715414,0.9699444
201,0.00026849518,0.97021294
202,0.00026641416,0.97047937
203,0.00026483618,0.9707442
204,0.00026251806,0.9710067
205,0.00026172705,0.9712684
206,0.0002570782,0.9715255
207,0.00025466332,0.9717802
208,0.00025313417,0.9720333
209,0.00025046486,0.9722838
210,0.000248299,0.9725321
211,0.0002472865,0.9727794
212,0.00024493565,0.9730243
213,0.00024375427,0.9732681
214,0.00023978793,0.9735079
215,0.00023878142,0.97374666
216,0.00023538458,0.97398204
217,0.00023401756,0.97421604
218,0.00023166246,0.9744477
219,0.00022979097,0.9746775
220,0.00022892102,0.97490644
221,0.00022845357,0.9751349
222,0.00022371387,0.9753586
223,0.00022084592,0.97557944
224,0.0002194566,0.9757989
225,0.00021738968,0.9760163
226,0.0002147353,0.97623104
227,0.0002141334,0.9764452
228,0.00021264244,0.97665787
229,0.00021141,0.9768693
230,0.00021004163,0.97707933
231,0.00020933241,0.97728866
232,0.00020647068,0.97749513
233,0.00020548407,0.9777006
234,0.00020431042,0.9779049
235,0.00020365325,0.9781086
236,0.00020098616,0.9783096
237,0.00019910616,0.97850865
238,0.00019877774,0.97870743
239,0.00019741568,0.97890484
240,0.0001961188,0.97910094
241,0.00019344472,0.97929436
242,0.00019302077,0.97948736
243,0.00019065475,0.97967803
244,0.00018969594,0.97986776
245,0.00018835127,0.9800561
246,0.00018525505,0.98024136
247,0.00018420017,0.98042554
248,0.00018352298,0.98060906
249,0.00018115052,0.9807902
250,0.00018028855,0.9809705
251,0.00017871721,0.9811492
252,0.00017730218,0.9813265
253,0.00017616844,0.9815027
254,0.00017442877,0.9816771
255,0.00017287166,0.98184997
256,0.00017238126,0.98202235
257,0.0001713353,0.9821937
258,0.00016950091,0.9823632
259,0.00016759316,0.98253083
260,0.00016641333,0.98269725
261,0.00016390852,0.98286116
262,0.00016197325,0.9830231
263,0.00016100657,0.9831841
264,0.00016077174,0.98334485
265,0.00015930524,0.9835042
266,0.00015835732,0.98366255
267,0.00015713209,0.98381966
268,0.00015578822,0.98397547
269,0.000154635,0.9841301
270,0.0001538796,0.984284
271,0.00015317713,0.98443717
272,0.0001516753,0.98458886
273,0.0001499716,0.9847388
274,0.00014951489,0.9848883
275,0.00014911963,0.98503745
276,0.00014714267,0.9851846
277,0.00014678732,0.9853314
278,0.00014632137,0.98547775
279,0.00014475193,0.9856225
280,0.00014378698,0.9857663
281,0.00014278911,0.9859091
282,0.00014099813,0.9860501
283,0.00014003563,0.98619014
284,0.00013765543,0.98632777
285,0.00013690734,0.9864647
286,0.0001365384,0.98660123
287,0.00013603947,0.98673725
288,0.00013445396,0.9868717
289,0.00013341066,0.9870051
290,0.00013278182,0.9871379
291,0.00013213721,0.98727006
292,0.0001310577,0.9874011
293,0.00012937044,0.98753047
294,0.00012905401,0.9876595
295,0.00012805959,0.98778754
296,0.00012722395,0.98791474
297,0.00012651001,0.9880412
298,0.00012597787,0.9881672
299,0.00012405914,0.98829126
300,0.00012259664,0.9884139
301,0.000121118705,0.988535
302,0.00012029983,0.98865527
303,0.00011977375,0.988775
304,0.0001179039,0.9888929
305,0.00011718744,0.9890101
306,0.00011693309,0.98912704
307,0.00011610851,0.98924315
308,0.00011542076,0.98935854
309,0.000114737995,0.9894733
310,0.00011369566,0.98958695
311,0.00011271391,0.98969966
312,0.00011179127,0.9898115
313,0.000111467,0.98992294
314,0.0001098743,0.9900328
315,0.00010952573,0.99014235
316,0.00010872068,0.99025106
317,0.00010761043,0.99035865
318,0.00010731362,0.99046594
319,0.000106061976,0.990572
320,0.00010581929,0.9906778
321,0.00010451019,0.99078226
322,0.00010316016,0.99088544
323,0.00010266391,0.9909881
324,0.00010234957,0.9910904
325,0.00010100403,0.99119145
326,0.00010048889,0.99129194
327,9.980147e-05,0.9913917
328,9.8480385e-05,0.9914902
329,9.8357246e-05,0.99158853
330,9.791816e-05,0.99168646
331,9.7284494e-05,0.99178374
332,9.663744e-05,0.99188036
333,9.576737e-05,0.99197614
334,9.4117e-05,0.99207026
335,9.368955e-05,0.99216396
336,9.320551e-05,0.9922572
337,9.249757e-05,0.9923497
338,9.1053786e-05,0.99244076
339,8.986195e-05,0.99253064
340,8.9261644e-05,0.99261993
341,8.845769e-05,0.9927084
342,8.8012675e-05,0.9927964
343,8.7335065e-05,0.99288374
344,8.655335e-05,0.9929703
345,8.563102e-05,0.99305594
346,8.489711e-05,0.9931408
347,8.424549e-05,0.99322504
348,8.336247e-05,0.9933084
349,8.287406e-05,0.9933913
350,8.233528e-05,0.9934736
351,8.205154e-05,0.99355567
352,8.135596e-05,0.993637
353,8.068649e-05,0.99371773
354,8.030763e-05,0.993798
355,8.004713e-05,0.99387807
356,7.8539095e-05,0.9939566
357,7.8187164e-05,0.9940348
358,7.763984e-05,0.9941125
359,7.7232464e-05,0.99418974
360,7.620247e-05,0.9942659
361,7.574627e-05,0.9943417
362,7.490058e-05,0.9944166
363,7.442925e-05,0.99449104
364,7.3850315e-05,0.9945649
365,7.326444e-05,0.99463814
366,7.2368355e-05,0.9947105
367,7.1957256e-05,0.99478245
368,7.061572e-05,0.9948531
369,7.002261e-05,0.9949231
370,6.9152076e-05,0.99499226
371,6.835429e-05,0.9950606
372,6.81897e-05,0.9951288
373,6.681624e-05,0.9951956
374,6.634507e-05,0.99526197
375,6.519002e-05,0.9953272
376,6.472481e-05,0.9953919
377,6.463933e-05,0.9954565
378,6.334028e-05,0.9955199
379,6.307605e-05,0.99558294
380,6.240105e-05,0.99564534
381,6.1632316e-05,0.995707
382,6.0908395e-05,0.9957679
383,6.0139053e-05,0.99582803
384,5.9722268e-05,0.99588776
385,5.872967e-05,0.99594647
386,5.8444173e-05,0.99600494
387,5.7853016e-05,0.9960628
388,5.7211528e-05,0.99612004
389,5.6637225e-05,0.99617666
390,5.5766355e-05,0.99623245
391,5.5357283e-05,0.9962878
392,5.504498e-05,0.9963429
393,5.4360375e-05,0.99639726
394,5.3954947e-05,0.9964512
395,5.3051328e-05,0.99650425
396,5.206776e-05,0.99655634
397,5.1665622e-05,0.996608
398,5.066594e-05,0.9966587
399,5.0433064e-05,0.9967091
400,4.952052e-05,0.99675864
401,4.9274917e-05,0.99680793
402,4.8864702e-05,0.9968568
403,4.8342434e-05,0.99690515
404,4.8021e-05,0.9969532
405,4.7580827e-05,0.99700075
406,4.7338966e-05,0.9970481
407,4.6473524e-05,0.9970946
408,4.5989065e-05,0.9971406
409,4.54629e-05,0.99718606
410,4.498839e-05,0.99723107
411,4.432427e-05,0.9972754
412,4.4131233e-05,0.9973195
413,4.2944754e-05,0.99736243
414,4.2818636e-05,0.99740523
415,4.220769e-05,0.99744743
416,4.1987634e-05,0.9974894
417,4.1700012e-05,0.9975311
418,4.0854557e-05,0.99757195
419,4.05542e-05,0.9976125
420,3.9825918e-05,0.9976523
421,3.904646e-05,0.99769133
422,3.8429793e-05,0.9977298
423,3.764717e-05,0.99776745
424,3.7490197e-05,0.99780494
425,3.6820205e-05,0.9978418
426,3.6425783e-05,0.9978782
427,3.6160254e-05,0.9979144
428,3.55335e-05,0.9979499
429,3.5354067e-05,0.99798524
430,3.4531415e-05,0.99801975
431,3.4247347e-05,0.998054
432,3.316676e-05,0.99808717
433,3.3038134e-05,0.9981202
434,3.2507553e-05,0.9981527
435,3.2060416e-05,0.99818474
436,3.1743333e-05,0.9982165
437,3.1547523e-05,0.99824804
438,3.0703897e-05,0.99827874
439,3.0447247e-05,0.9983092
440,3.0142439e-05,0.99833935
441,2.9730707e-05,0.9983691
442,2.913603e-05,0.99839824
443,2.8994376e-05,0.9984272
444,2.8404216e-05,0.99845564
445,2.7859618e-05,0.9984835
446,2.7496486e-05,0.99851096
447,2.7379405e-05,0.9985383
448,2.6516158e-05,0.99856484
449,2.607717e-05,0.99859095
450,2.5795189e-05,0.99861676
451,2.5619109e-05,0.9986424
452,2.5291556e-05,0.99866766
453,2.4977893e-05,0.99869263
454,2.488794e-05,0.99871755
455,2.4645511e-05,0.99874216
456,2.425279e-05,0.9987664
457,2.3676215e-05,0.9987901
458,2.360885e-05,0.9988137
459,2.3372619e-05,0.99883705
460,2.325502e-05,0.9988603
461,2.2371958e-05,0.99888265
462,2.2124303e-05,0.99890476
463,2.1730917e-05,0.9989265
464,2.1550964e-05,0.9989481
465,2.0954625e-05,0.9989691
466,2.0742653e-05,0.9989898
467,2.043518e-05,0.99901026
468,2.0181464e-05,0.9990305
469,1.9970583e-05,0.99905044
470,1.951717e-05,0.9990699
471,1.9263132e-05,0.9990892
472,1.9142772e-05,0.9991083
473,1.8914696e-05,0.9991272
474,1.8531191e-05,0.99914575
475,1.8218838e-05,0.999164
476,1.811027e-05,0.9991821
477,1.7777318e-05,0.99919987
478,1.7174267e-05,0.99921703
479,1.6891241e-05,0.9992339
480,1.6371214e-05,0.9992503
481,1.6012078e-05,0.9992663
482,1.5987718e-05,0.9992823
483,1.571756e-05,0.99929804
484,1.5183909e-05,0.99931324
485,1.5089483e-05,0.9993283
486,1.4970356e-05,0.9993433
487,1.4361047e-05,0.99935764
488,1.4233548e-05,0.9993719
489,1.4136462e-05,0.999386
490,1.4081033e-05,0.9994001
491,1.35648415e-05,0.99941367
492,1.333235e-05,0.999427
493,1.31738525e-05,0.9994402
494,1.3025615e-05,0.99945325
495,1.2891984e-05,0.9994661
496,1.2635154e-05,0.99947876
497,1.2611364e-05,0.9994914
498,1.2302987e-05,0.9995037
499,1.2176574e-05,0.99951583
500,1.1589865e-05,0.9995274
501,1.1515414e-05,0.9995389
502,1.1408472e-05,0.9995503
503,1.1113727e-05,0.99956137
504,1.08053455e-05,0.99957216
505,1.0707919e-05,0.9995829
506,1.0347877e-05,0.99959326
507,1.0285717e-05,0.99960357
508,1.0036287e-05,0.9996136
509,9.984237e-06,0.9996236
510,9.905416e-06,0.9996335
511,9.773082e-06,0.99964327
512,9.683709e-06,0.9996529
513,9.519601e-06,0.99966246
514,9.337761e-06,0.9996718
515,9.200994e-06,0.999681
516,8.986504e-06,0.99969
517,8.868472e-06,0.9996989
518,8.6712425e-06,0.9997075
519,8.581639e-06,0.9997161
520,8.474665e-06,0.99972457
521,8.240072e-06,0.9997328
522,8.1776525e-06,0.99974096
523,7.912039e-06,0.9997489
524,7.628818e-06,0.9997565
525,7.5254916e-06,0.999764
526,7.313729e-06,0.99977136
527,7.0185374e-06,0.9997784
528,6.9515577e-06,0.99978536
529,6.893119e-06,0.9997923
530,6.639981e-06,0.9997989
531,6.4356195e-06,0.99980533
532,6.269966e-06,0.9998116
533,5.8614273e-06,0.99981743
534,5.7845036e-06,0.9998232
535,5.6927906e-06,0.99982893
536,5.551668e-06,0.9998345
537,5.317443e-06,0.9998398
538,5.305388e-06,0.9998451
539,5.0388444e-06,0.99985015
540,4.846038e-06,0.999855
541,4.785385e-06,0.99985975
542,4.748505e-06,0.9998645
543,4.662153e-06,0.99986917
544,4.6221035e-06,0.9998738
545,4.5484608e-06,0.99987835
546,4.267214e-06,0.99988264
547,4.1950198e-06,0.9998868
548,4.122619e-06,0.9998909
549,4.0228747e-06,0.9998949
550,3.8394137e-06,0.99989873
551,3.7389802e-06,0.9999025
552,3.7059174e-06,0.9999062
553,3.6008937e-06,0.99990976
554,3.5199248e-06,0.9999133
555,3.475337e-06,0.99991673
556,3.3518743e-06,0.99992007
557,3.2880303e-06,0.99992335
558,3.2116943e-06,0.99992657
559,3.0989854e-06,0.99992967
560,2.980424e-06,0.99993265
561,2.9047037e-06,0.99993557
562,2.6915886e-06,0.99993825
563,2.591943e-06,0.9999408
564,2.5063407e-06,0.9999433
565,2.3831365e-06,0.9999457
566,2.3255493e-06,0.999948
567,2.2868492e-06,0.9999503
568,2.134027e-06,0.99995244
569,2.0829657e-06,0.9999545
570,2.0381162e-06,0.99995655
571,1.9069353e-06,0.99995846
572,1.8789223e-06,0.99996036
573,1.8318804e-06,0.9999622
574,1.8022305e-06,0.999964
575,1.7776451e-06,0.9999658
576,1.6635692e-06,0.99996746
577,1.6289333e-06,0.99996907
578,1.5553301e-06,0.9999706
579,1.4965859e-06,0.9999721
580,1.4022975e-06,0.99997354
581,1.3676841e-06,0.9999749
582,1.3546088e-06,0.9999763
583,1.2659611e-06,0.9999775
584,1.2312008e-06,0.9999788
585,1.1643134e-06,0.99998
586,1.1311442e-06,0.9999811
587,1.0623805e-06,0.9999822
588,1.0273772e-06,0.9999832
589,9.662527e-07,0.99998415
590,9.498953e-07,0.9999851
591,8.877357e-07,0.999986
592,8.65575e-07,0.9999869
593,8.576692e-07,0.9999877
594,8.309816e-07,0.99998856
595,8.2405955e-07,0.9999894
596,7.90839e-07,0.99999017
597,7.7627664e-07,0.99999094
598,7.5625854e-07,0.9999917
599,7.0110065e-07,0.99999243
600,6.5106394e-07,0.9999931
601,6.1489936e-07,0.9999937
602,5.8650375e-07,0.9999943
603,5.8535704e-07,0.9999949
604,5.310977e-07,0.9999954
605,4.653264e-07,0.9999959
606,4.2411787e-07,0.9999963
607,3.8870363e-07,0.9999967
608,3.7700366e-07,0.9999971
609,3.324794e-07,0.99999744
610,3.1566285e-07,0.99999774
611,3.048299e-07,0.99999803
612,2.9537924e-07,0.99999833
613,2.8437574e-07,0.9999986
614,2.681006e-07,0.99999887
615,2.6068105e-07,0.9999991
616,2.208882e-07,0.99999934
617,2.0995161e-07,0.9999996
618,1.145479e-07,0.9999997
619,9.453015e-08,0.9999998
620,8.394782e-08,0.9999999
621,8.243751e-08,0.99999994
622,4.8644786e-08,1.0
623,3.6027835e-08,1.0
624,2.8426534e-08,1.0
625,2.5151348e-08,1.0
626,2.0781412e-08,1.0
627,1.5433965e-08,1.0
628,1.5237958e-08,1.0
629,9.485769e-09,1.0
630,9.346325e-09,1.0
631,8.060591e-09,1.0
632,6.8552164e-09,1.0
633,6.1590595e-09,1.0
634,3.8146486e-09,1.0
635,2.2172837e-09,1.0
636,7.6482093e-10,1.0
637,7.217281e-10,1.0
638,5.79216e-10,1.0
639,2.8947855e-10,1.0
640,5.6019494e-15,1.0
641,1.1074076e-15,1.0
642,9.48248e-16,1.0
643,8.154726e-16,1.0
644,6.115167e-16,1.0
645,5.4839136e-16,1.0
646,4.8038023e-16,1.0
647,4.5098083e-16,1.0
648,3.516883e-16,1.0
649,3.1979692e-16,1.0
650,3.157071e-16,1.0
651,2.4501571e-16,1.0
652,1.4863573e-16,1.0
653,1.2867217e-16,1.0
654,1.2445238e-16,1.0
655,1.189957e-16,1.0
656,1.1537888e-16,1.0
657,1.1537888e-16,1.0
658,1.1537888e-16,1.0
659,1.1537888e-16,1.0
660,1.1537888e-16,1.0
661,1.1537888e-16,1.0
662,1.1537888e-16,1.0
663,1.1537888e-16,1.0
664,1.1537888e-16,1.0
665,1.1537888e-16,1.0
666,1.1537888e-16,1.0
667,1.1537888e-16,1.0
668,1.1537888e-16,1.0
669,1.1537888e-16,1.0
670,1.1537888e-16,1.0
671,1.1537888e-16,1.0
672,1.1537888e-16,1.0
673,1.1537888e-16,1.0
674,1.1537888e-16,1.0
675,1.1537888e-16,1.0
676,1.1537888e-16,1.0
677,1.1537888e-16,1.0
678,1.1537888e-16,1.0
679,1.1537888e-16,1.0
680,1.1537888e-16,1.0
681,1.1537888e-16,1.0
682,1.1537888e-16,1.0
683,1.1537888e-16,1.0
684,1.1537888e-16,1.0
685,1.1537888e-16,1.0
686,1.1537888e-16,1.0
687,1.1537888e-16,1.0
688,1.1537888e-16,1.0
689,1.1537888e-16,1.0
690,1.1537888e-16,1.0
691,1.1537888e-16,1.0
692,1.1537888e-16,1.0
693,1.1537888e-16,1.0
694,1.1537888e-16,1.0
695,1.1537888e-16,1.0
696,1.1537888e-16,1.0
697,1.1537888e-16,1.0
698,1.1537888e-16,1.0
699,1.1537888e-16,1.0
700,1.1537888e-16,1.0
701,1.1537888e-16,1.0
702,1.1537888e-16,1.0
703,1.1537888e-16,1.0
704,1.1537888e-16,1.0
705,1.1537888e-16,1.0
706,1.1537888e-16,1.0
707,1.1537888e-16,1.0
708,1.1537888e-16,1.0
709,1.1537888e-16,1.0
710,1.1537888e-16,1.0
711,1.1537888e-16,1.0
712,1.1537888e-16,1.0
713,1.1537888e-16,1.0
714,1.1537888e-16,1.0
715,1.1537888e-16,1.0
716,1.1537888e-16,1.0
717,1.1537888e-16,1.0
718,1.1537888e-16,1.0
719,1.1537888e-16,1.0
720,1.1537888e-16,1.0
721,1.1537888e-16,1.0
722,1.1537888e-16,1.0
723,1.1537888e-16,1.0
724,1.1537888e-16,1.0
725,1.1537888e-16,1.0
726,1.1537888e-16,1.0
727,1.1537888e-16,1.0
728,1.1537888e-16,1.0
729,1.1537888e-16,1.0
730,1.1537888e-16,1.0
731,1.1537888e-16,1.0
732,1.1537888e-16,1.0
733,1.1537888e-16,1.0
734,1.1537888e-16,1.0
735,1.1537888e-16,1.0
736,1.1537888e-16,1.0
737,1.1537888e-16,1.0
738,1.1537888e-16,1.0
739,1.1537888e-16,1.0
740,1.1537888e-16,1.0
741,1.1537888e-16,1.0
742,1.1537888e-16,1.0
743,1.1537888e-16,1.0
744,1.1537888e-16,1.0
745,1.1537888e-16,1.0
746,1.1537888e-16,1.0
747,1.1537888e-16,1.0
748,1.1537888e-16,1.0
749,1.1537888e-16,1.0
750,1.1537888e-16,1.0
751,1.1537888e-16,1.0
752,1.1537888e-16,1.0
753,1.1537888e-16,1.0
754,1.1537888e-16,1.0
755,1.1537888e-16,1.0
756,1.1537888e-16,1.0
757,1.1537888e-16,1.0
758,1.1537888e-16,1.0
759,1.1537888e-16,1.0
760,1.1537888e-16,1.0
761,1.1537888e-16,1.0
762,1.1537888e-16,1.0
763,1.1537888e-16,1.0
764,1.1537888e-16,1.0
765,1.1537888e-16,1.0
766,1.1537888e-16,1.0
767,1.1537888e-16,1.0
768,1.1537888e-16,1.0
769,1.1537888e-16,1.0
770,1.1537888e-16,1.0
771,1.1537888e-16,1.0
772,1.1537888e-16,1.0
773,1.1537888e-16,1.0
774,1.1537888e-16,1.0
775,1.1537888e-16,1.0
776,1.1537888e-16,1.0
777,1.1537888e-16,1.0
778,1.1537888e-16,1.0
779,8.797899e-17,1.0
780,8.352502e-17,1.0
781,4.1627325e-17,1.0
782,3.4662825e-17,1.0
783,1.3491473e-17,1.0
784,4.419196e-18,1.0
